year,quarter,Country,value
2004,1,China,0.6
2004,2,China,0.3
2004,3,China,0.6
2004,4,China,0.9
2005,1,China,1.4
2005,2,China,2.4
2005,3,China,1.5
2005,4,China,2.4
2006,1,China,1.9
2006,2,China,2
2006,3,China,2.7
2006,4,China,2.4
2007,1,China,2.6
2007,2,China,3.8
2007,3,China,4.4
2007,4,China,2.8
2008,1,China,3.3
2008,2,China,7.4
2008,3,China,6.3
2008,4,China,5.5
2009,1,China,6.8
2009,2,China,7.7
2009,3,China,8.9
2009,4,China,8.5
2010,1,China,8.1
2010,2,China,10.5
2010,3,China,9.4
2010,4,China,7
2011,1,China,8.2
2011,2,China,13.3
2011,3,China,9.9
2011,4,China,8.5
2012,1,China,9.6
2012,2,China,17.1
2012,3,China,15.3
2012,4,China,13
2013,1,China,8.2
2013,2,China,20.4
2013,3,China,17.5
2013,4,China,15.1
2014,1,China,15.5
2014,2,China,23
2014,3,China,27.1
2014,4,China,21.1
2015,1,China,19.3
2015,2,China,35
2015,3,China,31.4
2015,4,China,32.3
2016,1,China,24.5
2016,2,China,28.3
2016,3,China,19.9
2016,4,China,28.7
2017,1,China,40.2
2017,2,China,34.3
2017,3,China,28.5
2017,4,China,40.3
2018,1,China,18.8
2018,2,China,25.7
2018,3,China,19.6
2018,4,China,28.2
2019,1,China,11.3
2019,2,China,18.1
2019,3,China,26.9
2019,4,China,33.1
2020,1,China,20.7
2020,2,China,20.9
2004,1,United States,1.2
2004,2,United States,1.4
2004,3,United States,0.7
2004,4,United States,1.5
2005,1,United States,1.5
2005,2,United States,3.1
2005,3,United States,1.6
2005,4,United States,3
2006,1,United States,5.2
2006,2,United States,3.4
2006,3,United States,5.6
2006,4,United States,9.4
2007,1,United States,4.8
2007,2,United States,5.1
2007,3,United States,7.2
2007,4,United States,9.1
2008,1,United States,8.1
2008,2,United States,6.9
2008,3,United States,5.6
2008,4,United States,5.9
2009,1,United States,2.5
2009,2,United States,4
2009,3,United States,3.7
2009,4,United States,4.9
2010,1,United States,4.5
2010,2,United States,6.4
2010,3,United States,5.6
2010,4,United States,10.7
2011,1,United States,3.8
2011,2,United States,15.5
2011,3,United States,17.9
2011,4,United States,8.1
2012,1,United States,7.6
2012,2,United States,14.3
2012,3,United States,6.5
2012,4,United States,6.6
2013,1,United States,3.4
2013,2,United States,7.1
2013,3,United States,6.8
2013,4,United States,11.8
2014,1,United States,6.2
2014,2,United States,7.2
2014,3,United States,8.1
2014,4,United States,10.2
2015,1,United States,7.5
2015,2,United States,9.2
2015,3,United States,11.4
2015,4,United States,9.3
2016,1,United States,10.7
2016,2,United States,11.6
2016,3,United States,9.5
2016,4,United States,9.2
2017,1,United States,8.9
2017,2,United States,13.2
2017,3,United States,16.1
2017,4,United States,7.7
2018,1,United States,13.2
2018,2,United States,10.8
2018,3,United States,12.2
2018,4,United States,6.7
2019,1,United States,10.1
2019,2,United States,15.4
2019,3,United States,18.8
2019,4,United States,17
2020,1,United States,10.4
2020,2,United States,7.4
2004,1,Other,0.4
2004,2,Other,0.7
2004,3,Other,0.9
2004,4,Other,0.9
2005,1,Other,1.1
2005,2,Other,0.9
2005,3,Other,1.2
2005,4,Other,1.2
2006,1,Other,0.9
2006,2,Other,0.9
2006,3,Other,1.1
2006,4,Other,1.8
2007,1,Other,1.9
2007,2,Other,2
2007,3,Other,1.3
2007,4,Other,2.6
2008,1,Other,2.5
2008,2,Other,2.5
2008,3,Other,2.1
2008,4,Other,4.2
2009,1,Other,2.8
2009,2,Other,2.6
2009,3,Other,3.1
2009,4,Other,3.4
2010,1,Other,4
2010,2,Other,4.2
2010,3,Other,3.3
2010,4,Other,7.4
2011,1,Other,4.5
2011,2,Other,3.5
2011,3,Other,3.8
2011,4,Other,5.7
2012,1,Other,4.4
2012,2,Other,4
2012,3,Other,6.2
2012,4,Other,9.3
2013,1,Other,3.6
2013,2,Other,7.5
2013,3,Other,4.1
2013,4,Other,4.5
2014,1,Other,4.4
2014,2,Other,6.2
2014,3,Other,5.9
2014,4,Other,7.4
2015,1,Other,7.9
2015,2,Other,7.3
2015,3,Other,4.8
2015,4,Other,5.6
2016,1,Other,5.8
2016,2,Other,6.3
2016,3,Other,4.8
2016,4,Other,5.5
2017,1,Other,3.1
2017,2,Other,7.2
2017,3,Other,5.8
2017,4,Other,6.6
2018,1,Other,10.4
2018,2,Other,9.6
2018,3,Other,10.6
2018,4,Other,8.3
2019,1,Other,11.4
2019,2,Other,7.6
2019,3,Other,6.8
2019,4,Other,6.1
2020,1,Other,6.6
2020,2,Other,7.7
2004,1,Germany,1.9
2004,2,Germany,3.5
2004,3,Germany,1.6
2004,4,Germany,1.9
2005,1,Germany,1.9
2005,2,Germany,3.7
2005,3,Germany,2.4
2005,4,Germany,2.6
2006,1,Germany,1.9
2006,2,Germany,3.9
2006,3,Germany,2.2
2006,4,Germany,3.1
2007,1,Germany,2.5
2007,2,Germany,5.4
2007,3,Germany,3.3
2007,4,Germany,3.5
2008,1,Germany,3.2
2008,2,Germany,4.8
2008,3,Germany,4.7
2008,4,Germany,4
2009,1,Germany,5
2009,2,Germany,7.1
2009,3,Germany,6.3
2009,4,Germany,7.2
2010,1,Germany,7.3
2010,2,Germany,9
2010,3,Germany,11.7
2010,4,Germany,9.1
2011,1,Germany,8.2
2011,2,Germany,7.8
2011,3,Germany,11.5
2011,4,Germany,7.8
2012,1,Germany,7.5
2012,2,Germany,6.6
2012,3,Germany,6.4
2012,4,Germany,5.8
2013,1,Germany,4.8
2013,2,Germany,2.3
2013,3,Germany,1.7
2013,4,Germany,4.6
2014,1,Germany,4.4
2014,2,Germany,3.8
2014,3,Germany,1.5
2014,4,Germany,9
2015,1,Germany,3.4
2015,2,Germany,6.8
2015,3,Germany,1.8
2015,4,Germany,2
2016,1,Germany,1.7
2016,2,Germany,5.9
2016,3,Germany,4
2016,4,Germany,2.9
2017,1,Germany,4.7
2017,2,Germany,4.3
2017,3,Germany,3
2017,4,Germany,1.8
2018,1,Germany,1.7
2018,2,Germany,1.6
2018,3,Germany,1.6
2018,4,Germany,1.4
2019,1,Germany,1.3
2019,2,Germany,1.6
2019,3,Germany,1.4
2019,4,Germany,1.4
2020,1,Germany,1.1
2020,2,Germany,2.5
2004,1,Japan,1.2
2004,2,Japan,1
2004,3,Japan,0.7
2004,4,Japan,1
2005,1,Japan,0.6
2005,2,Japan,0.7
2005,3,Japan,0.6
2005,4,Japan,1
2006,1,Japan,0.9
2006,2,Japan,0.8
2006,3,Japan,0.7
2006,4,Japan,0.7
2007,1,Japan,0.6
2007,2,Japan,0.6
2007,3,Japan,0.8
2007,4,Japan,0.5
2008,1,Japan,0.4
2008,2,Japan,0.7
2008,3,Japan,1
2008,4,Japan,0.4
2009,1,Japan,0.7
2009,2,Japan,0.7
2009,3,Japan,1
2009,4,Japan,0.8
2010,1,Japan,1.3
2010,2,Japan,1.5
2010,3,Japan,1.6
2010,4,Japan,1.2
2011,1,Japan,1.8
2011,2,Japan,1.8
2011,3,Japan,1.7
2011,4,Japan,1.9
2012,1,Japan,3.5
2012,2,Japan,3.7
2012,3,Japan,4.4
2012,4,Japan,5
2013,1,Japan,7.3
2013,2,Japan,7.7
2013,3,Japan,7.8
2013,4,Japan,7.5
2014,1,Japan,9.3
2014,2,Japan,8.9
2014,3,Japan,9.8
2014,4,Japan,9.4
2015,1,Japan,8.9
2015,2,Japan,8.4
2015,3,Japan,8.6
2015,4,Japan,8.5
2016,1,Japan,6.4
2016,2,Japan,6
2016,3,Japan,5.1
2016,4,Japan,5.5
2017,1,Japan,6.4
2017,2,Japan,4.9
2017,3,Japan,5.1
2017,4,Japan,5
2018,1,Japan,4.8
2018,2,Japan,4.9
2018,3,Japan,5.5
2018,4,Japan,4.3
2019,1,Japan,4.8
2019,2,Japan,4.7
2019,3,Japan,4.1
2019,4,Japan,3.9
2020,1,Japan,6.4
2020,2,Japan,4.4
2004,1,U.K.,0.5
2004,2,U.K.,0.3
2004,3,U.K.,0.4
2004,4,U.K.,0.3
2005,1,U.K.,0.6
2005,2,U.K.,0.7
2005,3,U.K.,0.6
2005,4,U.K.,0.7
2006,1,U.K.,0.2
2006,2,U.K.,0.4
2006,3,U.K.,0.7
2006,4,U.K.,1.2
2007,1,U.K.,1.1
2007,2,U.K.,0.7
2007,3,U.K.,0.7
2007,4,U.K.,0.7
2008,1,U.K.,0.4
2008,2,U.K.,0.5
2008,3,U.K.,1.4
2008,4,U.K.,2.2
2009,1,U.K.,0.3
2009,2,U.K.,5
2009,3,U.K.,4
2009,4,U.K.,0.4
2010,1,U.K.,1
2010,2,U.K.,0.3
2010,3,U.K.,3.9
2010,4,U.K.,3.8
2011,1,U.K.,3
2011,2,U.K.,3.7
2011,3,U.K.,1.9
2011,4,U.K.,3.4
2012,1,U.K.,2.3
2012,2,U.K.,3.4
2012,3,U.K.,1
2012,4,U.K.,3.3
2013,1,U.K.,3.4
2013,2,U.K.,2.3
2013,3,U.K.,2.9
2013,4,U.K.,3.4
2014,1,U.K.,3.9
2014,2,U.K.,2
2014,3,U.K.,2.8
2014,4,U.K.,7
2015,1,U.K.,4.2
2015,2,U.K.,7.4
2015,3,U.K.,2.5
2015,4,U.K.,9.1
2016,1,U.K.,14.2
2016,2,U.K.,5.1
2016,3,U.K.,2.3
2016,4,U.K.,1.7
2017,1,U.K.,0.6
2017,2,U.K.,0.8
2017,3,U.K.,5.5
2017,4,U.K.,0.2
2018,1,U.K.,1.2
2018,2,U.K.,0.8
2018,3,U.K.,2.8
2018,4,U.K.,3.8
2019,1,U.K.,1.4
2019,2,U.K.,0.1
2019,3,U.K.,0.5
2019,4,U.K.,3.6
2020,1,U.K.,0.4
2020,2,U.K.,5.3
2004,1,India,1.1
2004,2,India,0.3
2004,3,India,0.7
2004,4,India,0.6
2005,1,India,0.7
2005,2,India,0.3
2005,3,India,1
2005,4,India,0.8
2006,1,India,1.5
2006,2,India,1
2006,3,India,1
2006,4,India,1.1
2007,1,India,1.2
2007,2,India,1.6
2007,3,India,1.4
2007,4,India,1.2
2008,1,India,1.6
2008,2,India,1.2
2008,3,India,1.4
2008,4,India,1
2009,1,India,1.3
2009,2,India,0.7
2009,3,India,1.2
2009,4,India,0.8
2010,1,India,2
2010,2,India,1
2010,3,India,2.1
2010,4,India,1.3
2011,1,India,2.8
2011,2,India,2.3
2011,3,India,4.1
2011,4,India,2
2012,1,India,1.4
2012,2,India,2.3
2012,3,India,1.7
2012,4,India,1.1
2013,1,India,1.7
2013,2,India,0.7
2013,3,India,1.4
2013,4,India,0.8
2014,1,India,1.2
2014,2,India,0.9
2014,3,India,2.1
2014,4,India,1.9
2015,1,India,1.8
2015,2,India,1.2
2015,3,India,1.9
2015,4,India,2.6
2016,1,India,3.1
2016,2,India,1.9
2016,3,India,4.4
2016,4,India,3.5
2017,1,India,4
2017,2,India,2.1
2017,3,India,4.5
2017,4,India,2.9
2018,1,India,3.3
2018,2,India,2.5
2018,3,India,2
2018,4,India,3.2
2019,1,India,3.1
2019,2,India,2.2
2019,3,India,2.4
2019,4,India,1.6
2020,1,India,1.2
2020,2,India,1.5
2004,1,Spain,0.7
2004,2,Spain,2.9
2004,3,Spain,0.7
2004,4,Spain,0.4
2005,1,Spain,1.2
2005,2,Spain,1.7
2005,3,Spain,0.9
2005,4,Spain,1
2006,1,Spain,0.7
2006,2,Spain,2.5
2006,3,Spain,1.9
2006,4,Spain,4.4
2007,1,Spain,1.8
2007,2,Spain,3.9
2007,3,Spain,4.1
2007,4,Spain,6.2
2008,1,Spain,5.1
2008,2,Spain,4.9
2008,3,Spain,7.9
2008,4,Spain,4.8
2009,1,Spain,2.7
2009,2,Spain,3.9
2009,3,Spain,1.8
2009,4,Spain,0.7
2010,1,Spain,1.7
2010,2,Spain,2.5
2010,3,Spain,2
2010,4,Spain,1.5
2011,1,Spain,1.2
2011,2,Spain,5.7
2011,3,Spain,2
2011,4,Spain,0.9
2012,1,Spain,0.8
2012,2,Spain,1
2012,3,Spain,0.3
2012,4,Spain,0.6
2013,1,Spain,0.4
2013,2,Spain,0.1
2013,3,Spain,0.1
2013,4,Spain,0.1
2014,1,Spain,0
2014,2,Spain,0
2014,3,Spain,0
2014,4,Spain,0
2015,1,Spain,0
2015,2,Spain,0
2015,3,Spain,0.1
2015,4,Spain,0
2016,1,Spain,0.1
2016,2,Spain,0
2016,3,Spain,0
2016,4,Spain,0.1
2017,1,Spain,0.1
2017,2,Spain,0.2
2017,3,Spain,0.2
2017,4,Spain,0.3
2018,1,Spain,0.2
2018,2,Spain,1
2018,3,Spain,1.6
2018,4,Spain,3.9
2019,1,Spain,1.5
2019,2,Spain,2.6
2019,3,Spain,2.6
2019,4,Spain,2.4
2020,1,Spain,1.8
2020,2,Spain,1.9
2004,1,Italy,0.2
2004,2,Italy,0.3
2004,3,Italy,0.2
2004,4,Italy,0.2
2005,1,Italy,0.2
2005,2,Italy,0.2
2005,3,Italy,0.7
2005,4,Italy,0.9
2006,1,Italy,0.2
2006,2,Italy,0.2
2006,3,Italy,0.5
2006,4,Italy,0.6
2007,1,Italy,0.4
2007,2,Italy,0.7
2007,3,Italy,0.8
2007,4,Italy,1.5
2008,1,Italy,1.2
2008,2,Italy,1.9
2008,3,Italy,2.9
2008,4,Italy,1.8
2009,1,Italy,1.3
2009,2,Italy,2
2009,3,Italy,2.3
2009,4,Italy,2.1
2010,1,Italy,5.4
2010,2,Italy,4.9
2010,3,Italy,5.5
2010,4,Italy,7.8
2011,1,Italy,8.8
2011,2,Italy,9.7
2011,3,Italy,7.3
2011,4,Italy,6.6
2012,1,Italy,3.7
2012,2,Italy,4.1
2012,3,Italy,3.9
2012,4,Italy,3.5
2013,1,Italy,0.8
2013,2,Italy,1
2013,3,Italy,0.8
2013,4,Italy,0.8
2014,1,Italy,0.4
2014,2,Italy,0.2
2014,3,Italy,0.3
2014,4,Italy,0.3
2015,1,Italy,0.4
2015,2,Italy,0.4
2015,3,Italy,0.3
2015,4,Italy,0.2
2016,1,Italy,0.4
2016,2,Italy,0.3
2016,3,Italy,0.3
2016,4,Italy,0.6
2017,1,Italy,0.3
2017,2,Italy,0.3
2017,3,Italy,0.2
2017,4,Italy,0.2
2018,1,Italy,0.6
2018,2,Italy,0.6
2018,3,Italy,0.4
2018,4,Italy,0.3
2019,1,Italy,0.6
2019,2,Italy,0.3
2019,3,Italy,0.3
2019,4,Italy,0.3
2020,1,Italy,0.4
2020,2,Italy,0.2
2004,1,Brazil,0.1
2004,2,Brazil,0.2
2004,3,Brazil,0.1
2004,4,Brazil,0.2
2005,1,Brazil,0.1
2005,2,Brazil,0.6
2005,3,Brazil,0.5
2005,4,Brazil,0.8
2006,1,Brazil,0.9
2006,2,Brazil,1.1
2006,3,Brazil,0.9
2006,4,Brazil,1.2
2007,1,Brazil,2
2007,2,Brazil,1.4
2007,3,Brazil,2
2007,4,Brazil,2.3
2008,1,Brazil,1.7
2008,2,Brazil,2.6
2008,3,Brazil,2.6
2008,4,Brazil,4.3
2009,1,Brazil,0.8
2009,2,Brazil,1.7
2009,3,Brazil,2
2009,4,Brazil,2
2010,1,Brazil,2.5
2010,2,Brazil,2.3
2010,3,Brazil,0.7
2010,4,Brazil,0.9
2011,1,Brazil,2
2011,2,Brazil,2.8
2011,3,Brazil,1.2
2011,4,Brazil,3.7
2012,1,Brazil,1.1
2012,2,Brazil,1.8
2012,3,Brazil,2.5
2012,4,Brazil,2.1
2013,1,Brazil,0.5
2013,2,Brazil,1.2
2013,3,Brazil,1
2013,4,Brazil,0.8
2014,1,Brazil,1.3
2014,2,Brazil,1.4
2014,3,Brazil,0.4
2014,4,Brazil,2.2
2015,1,Brazil,1.2
2015,2,Brazil,1.6
2015,3,Brazil,2.5
2015,4,Brazil,1.4
2016,1,Brazil,1.5
2016,2,Brazil,1.5
2016,3,Brazil,1.1
2016,4,Brazil,1.1
2017,1,Brazil,1.5
2017,2,Brazil,1.6
2017,3,Brazil,1.7
2017,4,Brazil,1.2
2018,1,Brazil,0.5
2018,2,Brazil,0.9
2018,3,Brazil,0.4
2018,4,Brazil,2.1
2019,1,Brazil,1.5
2019,2,Brazil,1.9
2019,3,Brazil,1.6
2019,4,Brazil,2.1
2020,1,Brazil,1.7
2020,2,Brazil,0.7
2004,1,France,0.1
2004,2,France,0.1
2004,3,France,0.1
2004,4,France,0.1
2005,1,France,0.2
2005,2,France,0.7
2005,3,France,0.8
2005,4,France,0.5
2006,1,France,1
2006,2,France,1.2
2006,3,France,0.5
2006,4,France,0.9
2007,1,France,0.8
2007,2,France,0.4
2007,3,France,0.9
2007,4,France,0.7
2008,1,France,0.8
2008,2,France,1.6
2008,3,France,0.9
2008,4,France,0.8
2009,1,France,0.8
2009,2,France,1
2009,3,France,0.6
2009,4,France,1
2010,1,France,1.4
2010,2,France,1.1
2010,3,France,1.3
2010,4,France,1.3
2011,1,France,2.4
2011,2,France,2.9
2011,3,France,2.3
2011,4,France,2.4
2012,1,France,1.8
2012,2,France,1.7
2012,3,France,0.8
2012,4,France,1
2013,1,France,1
2013,2,France,1.2
2013,3,France,0.9
2013,4,France,1.1
2014,1,France,0.9
2014,2,France,1.6
2014,3,France,1.5
2014,4,France,2
2015,1,France,0.7
2015,2,France,0.5
2015,3,France,0.7
2015,4,France,1
2016,1,France,0.6
2016,2,France,0.9
2016,3,France,0.6
2016,4,France,1.2
2017,1,France,1.1
2017,2,France,1.4
2017,3,France,0.9
2017,4,France,1
2018,1,France,1.5
2018,2,France,1.2
2018,3,France,0.6
2018,4,France,1.2
2019,1,France,0.5
2019,2,France,1
2019,3,France,2.9
2019,4,France,0.5
2020,1,France,0.5
2020,2,France,5.7
2004,1,Australia,0.2
2004,2,Australia,0
2004,3,Australia,0.3
2004,4,Australia,0.1
2005,1,Australia,0.2
2005,2,Australia,0.1
2005,3,Australia,0.5
2005,4,Australia,0
2006,1,Australia,0.5
2006,2,Australia,0.4
2006,3,Australia,0.3
2006,4,Australia,0.3
2007,1,Australia,0.1
2007,2,Australia,0.1
2007,3,Australia,0.1
2007,4,Australia,0.5
2008,1,Australia,0.2
2008,2,Australia,0.1
2008,3,Australia,0.5
2008,4,Australia,0.1
2009,1,Australia,0.4
2009,2,Australia,0.4
2009,3,Australia,0.6
2009,4,Australia,0.6
2010,1,Australia,1.4
2010,2,Australia,0.8
2010,3,Australia,1.5
2010,4,Australia,0.7
2011,1,Australia,1.2
2011,2,Australia,1.5
2011,3,Australia,1.2
2011,4,Australia,1.6
2012,1,Australia,0.9
2012,2,Australia,1.1
2012,3,Australia,1.6
2012,4,Australia,0.9
2013,1,Australia,0.5
2013,2,Australia,1.3
2013,3,Australia,1.3
2013,4,Australia,0.7
2014,1,Australia,0.5
2014,2,Australia,0.5
2014,3,Australia,0.6
2014,4,Australia,0.4
2015,1,Australia,0.5
2015,2,Australia,0.8
2015,3,Australia,0.6
2015,4,Australia,0.4
2016,1,Australia,0.4
2016,2,Australia,0.8
2016,3,Australia,0.4
2016,4,Australia,1.8
2017,1,Australia,2
2017,2,Australia,1.5
2017,3,Australia,2
2017,4,Australia,1.1
2018,1,Australia,2.8
2018,2,Australia,2.2
2018,3,Australia,1.5
2018,4,Australia,2.9
2019,1,Australia,1.3
2019,2,Australia,1.5
2019,3,Australia,1.8
2019,4,Australia,1.3
2020,1,Australia,1
2020,2,Australia,0.4
2004,1,Netherlands,0.1
2004,2,Netherlands,0.5
2004,3,Netherlands,0
2004,4,Netherlands,0.2
2005,1,Netherlands,0.3
2005,2,Netherlands,0.3
2005,3,Netherlands,0.1
2005,4,Netherlands,0
2006,1,Netherlands,0.2
2006,2,Netherlands,0.3
2006,3,Netherlands,0.1
2006,4,Netherlands,0.5
2007,1,Netherlands,0.3
2007,2,Netherlands,0.3
2007,3,Netherlands,0.5
2007,4,Netherlands,0.1
2008,1,Netherlands,0.3
2008,2,Netherlands,0.2
2008,3,Netherlands,0.3
2008,4,Netherlands,0.1
2009,1,Netherlands,0.3
2009,2,Netherlands,1.9
2009,3,Netherlands,0
2009,4,Netherlands,0
2010,1,Netherlands,0.1
2010,2,Netherlands,0.1
2010,3,Netherlands,0
2010,4,Netherlands,0.1
2011,1,Netherlands,0.7
2011,2,Netherlands,0.1
2011,3,Netherlands,0.3
2011,4,Netherlands,0.4
2012,1,Netherlands,0.2
2012,2,Netherlands,0.4
2012,3,Netherlands,0.3
2012,4,Netherlands,0.9
2013,1,Netherlands,0.3
2013,2,Netherlands,0.3
2013,3,Netherlands,0.9
2013,4,Netherlands,0.3
2014,1,Netherlands,0.9
2014,2,Netherlands,4.2
2014,3,Netherlands,0.8
2014,4,Netherlands,0.2
2015,1,Netherlands,0.3
2015,2,Netherlands,0.4
2015,3,Netherlands,0.2
2015,4,Netherlands,0.3
2016,1,Netherlands,0.2
2016,2,Netherlands,2
2016,3,Netherlands,0.3
2016,4,Netherlands,1.1
2017,1,Netherlands,0.4
2017,2,Netherlands,4.1
2017,3,Netherlands,0.3
2017,4,Netherlands,0.5
2018,1,Netherlands,0.4
2018,2,Netherlands,2.5
2018,3,Netherlands,0.9
2018,4,Netherlands,0.7
2019,1,Netherlands,0.9
2019,2,Netherlands,1.2
2019,3,Netherlands,1.1
2019,4,Netherlands,1.8
2020,1,Netherlands,1.3
2020,2,Netherlands,5.6
2004,1,Canada,0.2
2004,2,Canada,0.1
2004,3,Canada,0.4
2004,4,Canada,0.2
2005,1,Canada,0
2005,2,Canada,0.3
2005,3,Canada,0.7
2005,4,Canada,0.7
2006,1,Canada,0.1
2006,2,Canada,0.2
2006,3,Canada,0.5
2006,4,Canada,0.4
2007,1,Canada,0.4
2007,2,Canada,0.3
2007,3,Canada,1.1
2007,4,Canada,0.8
2008,1,Canada,0.5
2008,2,Canada,0.9
2008,3,Canada,0.7
2008,4,Canada,0.2
2009,1,Canada,0.1
2009,2,Canada,0.5
2009,3,Canada,0.2
2009,4,Canada,1.1
2010,1,Canada,1
2010,2,Canada,1.6
2010,3,Canada,1.1
2010,4,Canada,1.3
2011,1,Canada,0.8
2011,2,Canada,1
2011,3,Canada,0.8
2011,4,Canada,2.9
2012,1,Canada,0.5
2012,2,Canada,0.8
2012,3,Canada,1.1
2012,4,Canada,2.2
2013,1,Canada,1.1
2013,2,Canada,1.6
2013,3,Canada,1.3
2013,4,Canada,1.3
2014,1,Canada,1.4
2014,2,Canada,1.2
2014,3,Canada,2
2014,4,Canada,1.6
2015,1,Canada,0.4
2015,2,Canada,1.2
2015,3,Canada,0.6
2015,4,Canada,0.6
2016,1,Canada,0.3
2016,2,Canada,0.5
2016,3,Canada,0.3
2016,4,Canada,0.2
2017,1,Canada,0.5
2017,2,Canada,0.2
2017,3,Canada,0.1
2017,4,Canada,0.8
2018,1,Canada,0.1
2018,2,Canada,0.1
2018,3,Canada,0.3
2018,4,Canada,0.2
2019,1,Canada,0.1
2019,2,Canada,0.3
2019,3,Canada,0.1
2019,4,Canada,0.4
2020,1,Canada,0
2020,2,Canada,0.2
2004,2,Belgium,0
2004,3,Belgium,0.1
2004,4,Belgium,0.1
2005,1,Belgium,0
2005,2,Belgium,0
2005,3,Belgium,0
2005,4,Belgium,0.2
2006,1,Belgium,0
2006,2,Belgium,0
2006,3,Belgium,0
2006,4,Belgium,0
2007,1,Belgium,0.5
2007,2,Belgium,0.5
2007,3,Belgium,0.1
2007,4,Belgium,0.1
2008,1,Belgium,0.2
2008,2,Belgium,0.4
2008,3,Belgium,0.4
2008,4,Belgium,0.4
2009,1,Belgium,0.9
2009,2,Belgium,0.8
2009,3,Belgium,1.7
2009,4,Belgium,1.1
2010,1,Belgium,0.5
2010,2,Belgium,0.7
2010,3,Belgium,0.6
2010,4,Belgium,2.2
2011,1,Belgium,1
2011,2,Belgium,1.1
2011,3,Belgium,1
2011,4,Belgium,0.9
2012,1,Belgium,0.7
2012,2,Belgium,1.8
2012,3,Belgium,0.7
2012,4,Belgium,0.7
2013,1,Belgium,0.2
2013,2,Belgium,0.2
2013,3,Belgium,0.2
2013,4,Belgium,0.2
2014,1,Belgium,0.1
2014,2,Belgium,0.2
2014,3,Belgium,0.4
2014,4,Belgium,0.1
2015,1,Belgium,0.1
2015,2,Belgium,0.3
2015,3,Belgium,0.1
2015,4,Belgium,0.8
2016,1,Belgium,0.2
2016,2,Belgium,0.2
2016,3,Belgium,0.2
2016,4,Belgium,2.7
2017,1,Belgium,0.2
2017,2,Belgium,0.3
2017,3,Belgium,0.2
2017,4,Belgium,0.1
2018,1,Belgium,0.3
2018,2,Belgium,0.2
2018,3,Belgium,0.2
2018,4,Belgium,2.4
2019,1,Belgium,0.2
2019,2,Belgium,0.2
2019,3,Belgium,0.2
2019,4,Belgium,0.2
2020,1,Belgium,0.1
2020,2,Belgium,0.2
2004,1,Mexico,0
2004,2,Mexico,0
2004,3,Mexico,0.1
2004,4,Mexico,0.1
2005,1,Mexico,0
2005,2,Mexico,0
2005,3,Mexico,0.1
2005,4,Mexico,0
2006,1,Mexico,0
2006,2,Mexico,0
2006,3,Mexico,0
2006,4,Mexico,0.1
2007,1,Mexico,0
2007,2,Mexico,0
2007,3,Mexico,0
2007,4,Mexico,0.1
2008,1,Mexico,0
2008,2,Mexico,0.6
2008,3,Mexico,0
2008,4,Mexico,0.2
2009,1,Mexico,0.1
2009,2,Mexico,0.1
2009,3,Mexico,0.1
2009,4,Mexico,0.1
2010,1,Mexico,0.1
2010,2,Mexico,0.3
2010,3,Mexico,0.3
2010,4,Mexico,1.7
2011,1,Mexico,0
2011,2,Mexico,0.1
2011,3,Mexico,0.2
2011,4,Mexico,0.1
2012,1,Mexico,1
2012,2,Mexico,0.2
2012,3,Mexico,0.2
2012,4,Mexico,0.2
2013,1,Mexico,0.5
2013,2,Mexico,0.8
2013,3,Mexico,0.2
2013,4,Mexico,0.4
2014,1,Mexico,0.1
2014,2,Mexico,1.1
2014,3,Mexico,0.7
2014,4,Mexico,0.4
2015,1,Mexico,0.2
2015,2,Mexico,0.5
2015,3,Mexico,0.3
2015,4,Mexico,0.6
2016,1,Mexico,0.1
2016,2,Mexico,0.5
2016,3,Mexico,0.1
2016,4,Mexico,0.1
2017,1,Mexico,1.4
2017,2,Mexico,1.2
2017,3,Mexico,2.6
2017,4,Mexico,1
2018,1,Mexico,1.1
2018,2,Mexico,0.8
2018,3,Mexico,0.7
2018,4,Mexico,1.2
2019,1,Mexico,1.2
2019,2,Mexico,1
2019,3,Mexico,0.5
2019,4,Mexico,1.5
2020,1,Mexico,0.6
2020,2,Mexico,0.1
2004,1,Sweden,0
2004,2,Sweden,0.1
2004,3,Sweden,0
2004,4,Sweden,0.3
2005,1,Sweden,0.5
2005,2,Sweden,0
2005,3,Sweden,0
2005,4,Sweden,0
2006,1,Sweden,0
2006,2,Sweden,0.1
2006,3,Sweden,0
2006,4,Sweden,0.2
2007,1,Sweden,0
2007,2,Sweden,0.3
2007,3,Sweden,0
2007,4,Sweden,0.5
2008,1,Sweden,0.5
2008,2,Sweden,0.2
2008,3,Sweden,0.1
2008,4,Sweden,0.3
2009,1,Sweden,0.2
2009,2,Sweden,0.5
2009,3,Sweden,0.2
2009,4,Sweden,0.1
2010,1,Sweden,0.2
2010,2,Sweden,0.3
2010,3,Sweden,1.1
2010,4,Sweden,0.4
2011,1,Sweden,0.5
2011,2,Sweden,0.7
2011,3,Sweden,0.5
2011,4,Sweden,0.8
2012,1,Sweden,0.7
2012,2,Sweden,0.4
2012,3,Sweden,1.3
2012,4,Sweden,0.3
2013,1,Sweden,0.1
2013,2,Sweden,0.6
2013,3,Sweden,0.4
2013,4,Sweden,0.2
2014,1,Sweden,0.1
2014,2,Sweden,0.7
2014,3,Sweden,0.3
2014,4,Sweden,0.3
2015,1,Sweden,0.4
2015,2,Sweden,0.1
2015,3,Sweden,0.1
2015,4,Sweden,0.1
2016,1,Sweden,0.4
2016,2,Sweden,0.3
2016,3,Sweden,0.1
2016,4,Sweden,0.1
2017,1,Sweden,0.1
2017,2,Sweden,0.5
2017,3,Sweden,0
2017,4,Sweden,1.3
2018,1,Sweden,0.4
2018,2,Sweden,0.2
2018,3,Sweden,1.7
2018,4,Sweden,2
2019,1,Sweden,1.3
2019,2,Sweden,0.2
2019,3,Sweden,0.5
2019,4,Sweden,1.6
2020,1,Sweden,1
2020,2,Sweden,0.2
2004,1,South Korea,0
2004,2,South Korea,0.1
2004,3,South Korea,0
2004,4,South Korea,0
2005,2,South Korea,0.2
2005,3,South Korea,0
2005,4,South Korea,0
2006,1,South Korea,0
2006,2,South Korea,0
2006,3,South Korea,0.1
2006,4,South Korea,0.2
2007,1,South Korea,0.2
2007,2,South Korea,0.4
2007,3,South Korea,0.5
2007,4,South Korea,0.3
2008,1,South Korea,0.7
2008,2,South Korea,0.5
2008,3,South Korea,0.8
2008,4,South Korea,0.2
2009,1,South Korea,0
2009,2,South Korea,0.2
2009,3,South Korea,0.1
2009,4,South Korea,0.1
2010,1,South Korea,0.1
2010,2,South Korea,0.3
2010,3,South Korea,0.1
2010,4,South Korea,0.3
2011,1,South Korea,0
2011,2,South Korea,0.2
2011,3,South Korea,0.1
2011,4,South Korea,0.2
2012,1,South Korea,0.2
2012,2,South Korea,0.3
2012,3,South Korea,0.7
2012,4,South Korea,0.2
2013,1,South Korea,0.6
2013,2,South Korea,0.5
2013,3,South Korea,0.2
2013,4,South Korea,0.2
2014,1,South Korea,0.3
2014,2,South Korea,0.8
2014,3,South Korea,0.3
2014,4,South Korea,0.5
2015,1,South Korea,0.2
2015,2,South Korea,0.2
2015,3,South Korea,0.2
2015,4,South Korea,0.1
2016,1,South Korea,0.4
2016,2,South Korea,0.6
2016,3,South Korea,0.2
2016,4,South Korea,0.9
2017,1,South Korea,0.3
2017,2,South Korea,0.3
2017,3,South Korea,0.6
2017,4,South Korea,0.8
2018,1,South Korea,0.6
2018,2,South Korea,0.7
2018,3,South Korea,0.7
2018,4,South Korea,0.2
2019,1,South Korea,0.2
2019,2,South Korea,0.2
2019,3,South Korea,0.9
2019,4,South Korea,0.9
2020,1,South Korea,0.5
2020,2,South Korea,1.2
2004,2,Chile,0
2005,2,Chile,0
2006,2,Chile,0.2
2006,3,Chile,0
2006,4,Chile,0
2007,2,Chile,0
2007,3,Chile,0
2007,4,Chile,0
2008,1,Chile,0
2008,2,Chile,0
2008,3,Chile,0.1
2008,4,Chile,0.3
2009,1,Chile,0.2
2009,3,Chile,0.1
2009,4,Chile,0.1
2010,1,Chile,0
2010,2,Chile,0.2
2010,3,Chile,0
2010,4,Chile,0.3
2011,1,Chile,0.1
2011,2,Chile,0
2011,3,Chile,0.2
2011,4,Chile,0.1
2012,1,Chile,0
2012,2,Chile,0.5
2012,3,Chile,0.1
2012,4,Chile,0.4
2013,1,Chile,0.2
2013,2,Chile,0.3
2013,3,Chile,0.7
2013,4,Chile,0.3
2014,1,Chile,0.1
2014,2,Chile,1
2014,3,Chile,0.2
2014,4,Chile,0.2
2015,1,Chile,0.8
2015,2,Chile,1
2015,3,Chile,1.4
2015,4,Chile,0.6
2016,1,Chile,0
2016,2,Chile,0.1
2016,3,Chile,0.7
2016,4,Chile,0.3
2017,1,Chile,0.2
2017,2,Chile,0.2
2017,3,Chile,0.9
2017,4,Chile,0.6
2018,1,Chile,0.1
2018,2,Chile,1
2018,3,Chile,0.1
2018,4,Chile,0
2019,1,Chile,0.6
2019,2,Chile,0.7
2019,3,Chile,0.7
2019,4,Chile,2.9
2020,1,Chile,0.3
2020,2,Chile,0.8
2004,1,Taiwan,0
2004,2,Taiwan,0
2004,3,Taiwan,0
2004,4,Taiwan,0.1
2005,1,Taiwan,0.1
2005,2,Taiwan,0.1
2005,3,Taiwan,0
2005,4,Taiwan,0.1
2006,1,Taiwan,0
2006,2,Taiwan,0.1
2006,3,Taiwan,0.1
2006,4,Taiwan,0
2007,1,Taiwan,0
2007,2,Taiwan,0
2007,3,Taiwan,0
2007,4,Taiwan,0.1
2008,1,Taiwan,0
2008,2,Taiwan,0
2008,3,Taiwan,0.1
2008,4,Taiwan,0.1
2009,1,Taiwan,0
2009,2,Taiwan,0
2009,3,Taiwan,0.1
2009,4,Taiwan,0
2010,1,Taiwan,0
2010,2,Taiwan,0.1
2010,3,Taiwan,0.1
2010,4,Taiwan,0
2011,1,Taiwan,0.1
2011,2,Taiwan,0
2011,3,Taiwan,0.1
2011,4,Taiwan,0.2
2012,1,Taiwan,0.1
2012,2,Taiwan,0.1
2012,3,Taiwan,0.2
2012,4,Taiwan,0.1
2013,1,Taiwan,0
2013,2,Taiwan,0.1
2013,3,Taiwan,0
2013,4,Taiwan,0
2014,1,Taiwan,0.1
2014,2,Taiwan,0.1
2014,3,Taiwan,0.1
2014,4,Taiwan,0.1
2015,1,Taiwan,0.1
2015,2,Taiwan,0.1
2015,3,Taiwan,0.1
2015,4,Taiwan,0.1
2016,1,Taiwan,0.1
2016,2,Taiwan,0.2
2016,3,Taiwan,0.1
2016,4,Taiwan,0.1
2017,1,Taiwan,0.1
2017,2,Taiwan,0.1
2017,3,Taiwan,0.2
2017,4,Taiwan,0.2
2018,1,Taiwan,0.4
2018,2,Taiwan,0.9
2018,3,Taiwan,0.2
2018,4,Taiwan,0.2
2019,1,Taiwan,0.3
2019,2,Taiwan,6.1
2019,3,Taiwan,0.3
2019,4,Taiwan,2.6
2020,1,Taiwan,4.5
2020,2,Taiwan,0.5
2004,1,Thailand,0.2
2004,2,Thailand,0
2004,3,Thailand,0
2005,1,Thailand,0.3
2005,2,Thailand,0.3
2005,3,Thailand,0
2005,4,Thailand,0.3
2006,1,Thailand,0
2006,2,Thailand,0.1
2006,3,Thailand,0.2
2006,4,Thailand,0.2
2007,1,Thailand,0.7
2007,2,Thailand,0.2
2007,3,Thailand,0.1
2007,4,Thailand,0.5
2008,1,Thailand,0.3
2008,2,Thailand,0.1
2008,3,Thailand,0.3
2008,4,Thailand,0.2
2009,1,Thailand,0.1
2009,2,Thailand,0.1
2009,3,Thailand,0
2009,4,Thailand,0.2
2010,2,Thailand,0.7
2010,3,Thailand,0.3
2010,4,Thailand,0.3
2011,1,Thailand,0.3
2011,2,Thailand,0.5
2011,3,Thailand,0.4
2011,4,Thailand,0.4
2012,1,Thailand,0.3
2012,2,Thailand,0.4
2012,3,Thailand,0.4
2012,4,Thailand,0.3
2013,1,Thailand,0.3
2013,2,Thailand,0.6
2013,3,Thailand,0.6
2013,4,Thailand,0.1
2014,1,Thailand,0.3
2014,2,Thailand,0.1
2014,3,Thailand,0.4
2014,4,Thailand,0.1
2015,1,Thailand,0.3
2015,2,Thailand,0.6
2015,3,Thailand,0.6
2015,4,Thailand,1
2016,1,Thailand,0.8
2016,2,Thailand,1
2016,3,Thailand,0.4
2016,4,Thailand,0.2
2017,1,Thailand,0.3
2017,2,Thailand,0
2017,3,Thailand,0.2
2017,4,Thailand,1.2
2018,1,Thailand,0.1
2018,2,Thailand,0.1
2018,3,Thailand,0.1
2018,4,Thailand,0
2019,1,Thailand,0.1
2019,2,Thailand,0
2019,3,Thailand,0.1
2019,4,Thailand,0
2020,1,Thailand,0.1
2020,2,Thailand,0.1
2004,1,Denmark,0
2004,2,Denmark,0
2004,3,Denmark,0.1
2004,4,Denmark,0
2005,1,Denmark,0
2005,2,Denmark,0
2005,3,Denmark,0
2005,4,Denmark,0.1
2006,1,Denmark,0
2006,2,Denmark,0
2006,3,Denmark,0
2006,4,Denmark,0
2007,1,Denmark,0
2007,2,Denmark,0
2007,3,Denmark,0
2007,4,Denmark,0
2008,1,Denmark,0
2008,2,Denmark,0.2
2008,3,Denmark,0.9
2008,4,Denmark,0.9
2009,1,Denmark,0.1
2009,2,Denmark,0.1
2009,3,Denmark,0
2009,4,Denmark,0
2010,1,Denmark,0.1
2010,2,Denmark,0.1
2010,3,Denmark,0
2010,4,Denmark,0
2011,1,Denmark,0.4
2011,2,Denmark,0.3
2011,3,Denmark,1.9
2011,4,Denmark,0.1
2012,1,Denmark,0.4
2012,2,Denmark,0.7
2012,3,Denmark,0.4
2012,4,Denmark,0.4
2013,1,Denmark,0.8
2013,2,Denmark,0.5
2013,3,Denmark,0.1
2013,4,Denmark,0.2
2014,1,Denmark,0.1
2014,2,Denmark,0.1
2014,3,Denmark,0.5
2014,4,Denmark,0.3
2015,1,Denmark,0.2
2015,2,Denmark,0.3
2015,3,Denmark,0.2
2015,4,Denmark,0.1
2016,1,Denmark,0.1
2016,2,Denmark,1.9
2016,3,Denmark,0.2
2016,4,Denmark,0.1
2017,1,Denmark,0.1
2017,2,Denmark,0.5
2017,3,Denmark,0.5
2017,4,Denmark,0
2018,1,Denmark,0
2018,2,Denmark,0.1
2018,3,Denmark,0
2018,4,Denmark,1.6
2019,1,Denmark,0
2019,2,Denmark,0.2
2019,3,Denmark,0
2019,4,Denmark,0.1
2020,1,Denmark,0.1
2020,2,Denmark,0
2004,1,Poland,0
2004,2,Poland,0
2004,4,Poland,0.1
2005,1,Poland,0.1
2006,1,Poland,0.1
2006,2,Poland,0.1
2006,3,Poland,0
2006,4,Poland,0.2
2007,1,Poland,0.1
2007,2,Poland,0.1
2007,3,Poland,0.1
2007,4,Poland,0.1
2008,1,Poland,0.2
2008,2,Poland,0.7
2008,3,Poland,0.3
2008,4,Poland,0.3
2009,1,Poland,0
2009,2,Poland,0.3
2009,3,Poland,0.1
2009,4,Poland,0.1
2010,1,Poland,0.6
2010,2,Poland,0.8
2010,3,Poland,0.1
2010,4,Poland,0.3
2011,1,Poland,0.8
2011,2,Poland,0.6
2011,3,Poland,0.1
2011,4,Poland,0.6
2012,1,Poland,0.4
2012,2,Poland,0.5
2012,3,Poland,0.5
2012,4,Poland,0.3
2013,1,Poland,0.1
2013,2,Poland,0.1
2013,3,Poland,0.4
2013,4,Poland,0.1
2014,1,Poland,0.1
2014,2,Poland,0.5
2014,3,Poland,0.5
2014,4,Poland,0.2
2015,1,Poland,0.7
2015,2,Poland,0.8
2015,3,Poland,0.1
2015,4,Poland,0.1
2016,1,Poland,0.1
2016,2,Poland,0
2016,3,Poland,0
2016,4,Poland,0
2017,1,Poland,0
2017,2,Poland,0
2017,3,Poland,0.1
2017,4,Poland,0
2018,1,Poland,0.1
2018,2,Poland,0.2
2018,3,Poland,0.1
2018,4,Poland,0.2
2019,1,Poland,0.3
2019,2,Poland,0.7
2019,3,Poland,0.6
2019,4,Poland,0.6
2020,1,Poland,0.5
2020,2,Poland,0.6
2004,1,Greece,0
2004,2,Greece,0
2004,3,Greece,0
2004,4,Greece,0.1
2005,1,Greece,0
2005,2,Greece,0.2
2005,3,Greece,0.1
2005,4,Greece,0.1
2006,1,Greece,0.3
2006,2,Greece,0.1
2006,3,Greece,0.1
2006,4,Greece,0.3
2007,1,Greece,0
2007,2,Greece,0.2
2007,3,Greece,0.4
2007,4,Greece,0.2
2008,1,Greece,0
2008,2,Greece,0.1
2008,3,Greece,0
2008,4,Greece,0.4
2009,1,Greece,0.1
2009,2,Greece,0.3
2009,3,Greece,0.1
2009,4,Greece,0.2
2010,1,Greece,0.3
2010,2,Greece,0.2
2010,3,Greece,0.3
2010,4,Greece,0.3
2011,1,Greece,0.5
2011,2,Greece,0.4
2011,3,Greece,0.4
2011,4,Greece,0.3
2012,1,Greece,0.6
2012,2,Greece,0.7
2012,3,Greece,0.8
2012,4,Greece,1
2013,1,Greece,0.7
2013,2,Greece,0.7
2013,3,Greece,0.8
2013,4,Greece,0.6
2014,1,Greece,0
2014,2,Greece,0
2014,3,Greece,0
2014,4,Greece,0.1
2015,1,Greece,0.2
2015,2,Greece,0.1
2015,3,Greece,0
2015,4,Greece,0.2
2016,1,Greece,0
2016,2,Greece,0.1
2016,3,Greece,0
2016,4,Greece,0.2
2017,1,Greece,0.1
2017,2,Greece,0.6
2017,3,Greece,0.1
2017,4,Greece,0.2
2018,1,Greece,0.1
2018,2,Greece,0.1
2018,3,Greece,0.4
2018,4,Greece,0
2019,1,Greece,0.4
2019,2,Greece,0.2
2019,3,Greece,0.2
2019,4,Greece,0.3
2020,1,Greece,0
2020,2,Greece,0
2004,1,Vietnam,0
2004,3,Vietnam,0
2004,4,Vietnam,0
2005,1,Vietnam,0
2005,2,Vietnam,0.1
2005,4,Vietnam,0
2006,1,Vietnam,0
2006,2,Vietnam,0.1
2006,3,Vietnam,0
2006,4,Vietnam,0.2
2007,1,Vietnam,0.1
2007,2,Vietnam,0
2007,3,Vietnam,0.1
2007,4,Vietnam,0.2
2008,1,Vietnam,0.3
2008,2,Vietnam,0.3
2008,3,Vietnam,0.1
2008,4,Vietnam,0.2
2009,1,Vietnam,0.1
2009,2,Vietnam,0.2
2009,3,Vietnam,0.3
2009,4,Vietnam,0.1
2010,1,Vietnam,0.1
2010,2,Vietnam,0
2010,3,Vietnam,0.4
2010,4,Vietnam,0.1
2011,1,Vietnam,0.1
2011,2,Vietnam,0
2011,3,Vietnam,0.1
2011,4,Vietnam,0
2012,1,Vietnam,0
2012,2,Vietnam,0.1
2012,3,Vietnam,0.1
2012,4,Vietnam,0.1
2013,1,Vietnam,0
2013,2,Vietnam,0
2013,3,Vietnam,0
2013,4,Vietnam,0.2
2014,1,Vietnam,0
2014,2,Vietnam,0.1
2014,3,Vietnam,0
2014,4,Vietnam,0
2015,1,Vietnam,0
2015,2,Vietnam,0
2015,3,Vietnam,0.1
2015,4,Vietnam,0.1
2016,1,Vietnam,0
2016,2,Vietnam,0.1
2016,3,Vietnam,0.4
2016,4,Vietnam,0
2017,1,Vietnam,0.1
2017,2,Vietnam,0.2
2017,3,Vietnam,0.1
2017,4,Vietnam,0.2
2018,1,Vietnam,0.6
2018,2,Vietnam,1
2018,3,Vietnam,1.6
2018,4,Vietnam,2.8
2019,1,Vietnam,0.8
2019,2,Vietnam,0.8
2019,3,Vietnam,1
2019,4,Vietnam,0.5
2020,1,Vietnam,0.5
2020,2,Vietnam,0.6
2004,1,Portugal,0.2
2004,2,Portugal,0.3
2004,3,Portugal,0.5
2004,4,Portugal,0.3
2005,1,Portugal,0.1
2005,2,Portugal,0.9
2005,3,Portugal,0.1
2005,4,Portugal,0.2
2006,1,Portugal,0.2
2006,2,Portugal,0.3
2006,3,Portugal,0
2006,4,Portugal,0.1
2007,1,Portugal,0
2007,2,Portugal,0.7
2007,3,Portugal,0.8
2007,4,Portugal,0.2
2008,1,Portugal,0.2
2008,2,Portugal,0.9
2008,3,Portugal,0.1
2008,4,Portugal,0.5
2009,1,Portugal,0.2
2009,2,Portugal,0.4
2009,3,Portugal,0.1
2009,4,Portugal,0.2
2010,1,Portugal,1.3
2010,2,Portugal,0.2
2010,3,Portugal,0.1
2010,4,Portugal,0.2
2011,1,Portugal,0.1
2011,2,Portugal,0.1
2011,3,Portugal,0
2011,4,Portugal,0.6
2012,1,Portugal,0.1
2012,2,Portugal,0.2
2012,3,Portugal,0
2012,4,Portugal,0.6
2013,1,Portugal,0
2013,2,Portugal,0.2
2013,3,Portugal,0.1
2013,4,Portugal,0.1
2014,1,Portugal,0
2014,2,Portugal,0.3
2014,3,Portugal,0.1
2014,4,Portugal,0.4
2015,1,Portugal,0
2015,2,Portugal,0.1
2015,3,Portugal,0
2015,4,Portugal,0
2016,1,Portugal,0
2016,2,Portugal,0.1
2016,3,Portugal,0
2016,4,Portugal,0
2017,1,Portugal,0
2017,2,Portugal,0.2
2017,3,Portugal,0
2017,4,Portugal,0.3
2018,1,Portugal,0.1
2018,2,Portugal,0.1
2018,3,Portugal,0
2018,4,Portugal,0.2
2019,1,Portugal,0.1
2019,2,Portugal,0
2019,3,Portugal,0
2019,4,Portugal,0.1
2020,1,Portugal,0
2020,2,Portugal,0
2004,1,Finland,0
2004,2,Finland,0
2004,3,Finland,0
2004,4,Finland,0
2005,1,Finland,0
2005,2,Finland,0
2005,3,Finland,0
2005,4,Finland,0.1
2006,1,Finland,0
2006,2,Finland,0
2006,3,Finland,0.1
2006,4,Finland,0.2
2007,1,Finland,0
2007,2,Finland,0.4
2007,3,Finland,0.2
2007,4,Finland,0.1
2008,1,Finland,0.3
2008,2,Finland,0.2
2008,3,Finland,0
2008,4,Finland,0
2009,1,Finland,0.1
2009,2,Finland,0.1
2009,3,Finland,0
2009,4,Finland,0
2010,1,Finland,0
2010,2,Finland,0
2010,3,Finland,0.2
2010,4,Finland,0.1
2011,1,Finland,0.1
2011,2,Finland,0.3
2011,3,Finland,0.1
2011,4,Finland,0
2012,1,Finland,0.1
2012,2,Finland,0.1
2012,3,Finland,0.1
2012,4,Finland,0.3
2013,1,Finland,0.5
2013,2,Finland,0
2013,3,Finland,0
2013,4,Finland,0.2
2014,1,Finland,0.2
2014,2,Finland,0.1
2014,3,Finland,0.3
2014,4,Finland,0
2015,1,Finland,0.2
2015,2,Finland,0.4
2015,3,Finland,1.6
2015,4,Finland,0.3
2016,1,Finland,0.4
2016,2,Finland,0.1
2016,3,Finland,0.1
2016,4,Finland,0.3
2017,1,Finland,0.1
2017,2,Finland,0.2
2017,3,Finland,0
2017,4,Finland,0
2018,1,Finland,0.1
2018,2,Finland,0.1
2018,3,Finland,0.6
2018,4,Finland,0.4
2019,1,Finland,0.1
2019,2,Finland,0.4
2019,3,Finland,0.5
2019,4,Finland,0.4
2020,1,Finland,0.5
2020,2,Finland,0.1
2004,1,Indonesia,0.1
2004,2,Indonesia,0.1
2004,3,Indonesia,0
2004,4,Indonesia,0
2005,1,Indonesia,0
2005,2,Indonesia,0
2005,3,Indonesia,0.1
2005,4,Indonesia,0.2
2006,1,Indonesia,0.2
2006,2,Indonesia,0
2006,3,Indonesia,0.2
2006,4,Indonesia,0.1
2007,1,Indonesia,0.1
2007,2,Indonesia,0.2
2007,3,Indonesia,0.1
2007,4,Indonesia,0.5
2008,1,Indonesia,0.1
2008,2,Indonesia,0
2008,3,Indonesia,0
2008,4,Indonesia,0.5
2009,1,Indonesia,0.1
2009,2,Indonesia,0
2009,3,Indonesia,0.2
2009,4,Indonesia,0.3
2010,1,Indonesia,0.3
2010,2,Indonesia,0
2010,3,Indonesia,0
2010,4,Indonesia,0.3
2011,1,Indonesia,0.5
2011,2,Indonesia,0
2011,3,Indonesia,0.6
2011,4,Indonesia,0.4
2012,1,Indonesia,0.2
2012,2,Indonesia,0
2012,3,Indonesia,0.1
2012,4,Indonesia,0.2
2013,1,Indonesia,0
2013,2,Indonesia,0
2013,3,Indonesia,0
2013,4,Indonesia,0
2014,1,Indonesia,1.6
2014,2,Indonesia,0.2
2014,3,Indonesia,0
2014,4,Indonesia,0
2015,1,Indonesia,0
2015,2,Indonesia,0.2
2015,3,Indonesia,0
2015,4,Indonesia,0
2016,1,Indonesia,0
2016,2,Indonesia,0.2
2016,3,Indonesia,0.1
2016,4,Indonesia,0.3
2017,1,Indonesia,0.8
2017,2,Indonesia,0
2017,3,Indonesia,0.1
2017,4,Indonesia,0
2018,1,Indonesia,0.7
2018,2,Indonesia,0
2018,3,Indonesia,0
2018,4,Indonesia,0
2019,1,Indonesia,0
2019,2,Indonesia,0
2019,3,Indonesia,0
2019,4,Indonesia,0
2020,1,Indonesia,0
2020,2,Indonesia,0.5
2004,1,Austria,0.1
2004,2,Austria,0.1
2004,3,Austria,0
2004,4,Austria,0.4
2005,1,Austria,0.1
2005,2,Austria,0.3
2005,3,Austria,0
2005,4,Austria,0.2
2006,1,Austria,0.1
2006,2,Austria,0.1
2006,3,Austria,0
2006,4,Austria,0.1
2007,1,Austria,0
2007,2,Austria,0
2007,3,Austria,0.2
2007,4,Austria,0.1
2008,1,Austria,0
2008,2,Austria,0
2008,3,Austria,0
2008,4,Austria,0
2009,1,Austria,0.1
2009,2,Austria,0
2009,3,Austria,0.3
2009,4,Austria,0
2010,1,Austria,0.1
2010,2,Austria,0.1
2010,3,Austria,0.1
2010,4,Austria,0.1
2011,1,Austria,0.1
2011,2,Austria,0.1
2011,3,Austria,0.1
2011,4,Austria,0.7
2012,1,Austria,0.4
2012,2,Austria,0.3
2012,3,Austria,0.2
2012,4,Austria,0.3
2013,1,Austria,0.2
2013,2,Austria,0.3
2013,3,Austria,0.3
2013,4,Austria,0.2
2014,1,Austria,0.2
2014,2,Austria,0.2
2014,3,Austria,0.1
2014,4,Austria,0.6
2015,1,Austria,0.2
2015,2,Austria,0.3
2015,3,Austria,0.1
2015,4,Austria,0.1
2016,1,Austria,0.2
2016,2,Austria,0.2
2016,3,Austria,0.1
2016,4,Austria,0.1
2017,1,Austria,0.1
2017,2,Austria,0.1
2017,3,Austria,0.1
2017,4,Austria,0.1
2018,1,Austria,0.2
2018,2,Austria,0.1
2018,3,Austria,0.2
2018,4,Austria,0.1
2019,1,Austria,0.1
2019,2,Austria,0.1
2019,3,Austria,0.1
2019,4,Austria,0.1
2020,1,Austria,0.1
2020,2,Austria,0.2
2004,1,Ireland,0
2004,2,Ireland,0.1
2004,3,Ireland,0.1
2004,4,Ireland,0.1
2005,1,Ireland,0
2005,2,Ireland,0.1
2005,4,Ireland,0
2006,1,Ireland,0.1
2006,2,Ireland,0.2
2006,3,Ireland,0.1
2006,4,Ireland,0.1
2007,1,Ireland,0.1
2007,2,Ireland,0.1
2007,3,Ireland,0.1
2007,4,Ireland,0.1
2008,1,Ireland,0.1
2008,2,Ireland,0.1
2008,3,Ireland,0.2
2008,4,Ireland,0.2
2009,1,Ireland,0.1
2009,2,Ireland,0.1
2009,3,Ireland,0.1
2009,4,Ireland,0.2
2010,1,Ireland,0
2010,2,Ireland,0.1
2010,3,Ireland,0
2010,4,Ireland,0.1
2011,1,Ireland,0
2011,2,Ireland,0.1
2011,3,Ireland,0.1
2012,1,Ireland,0.1
2012,2,Ireland,0
2012,3,Ireland,0.1
2012,4,Ireland,0.6
2013,1,Ireland,0.3
2013,2,Ireland,0.1
2013,3,Ireland,0.1
2013,4,Ireland,0
2014,1,Ireland,0.1
2014,2,Ireland,0
2014,3,Ireland,0.7
2014,4,Ireland,0.1
2015,1,Ireland,0
2015,2,Ireland,0.6
2015,3,Ireland,0.2
2015,4,Ireland,0.4
2016,1,Ireland,0.1
2016,2,Ireland,0.2
2016,3,Ireland,0.3
2016,4,Ireland,0.1
2017,1,Ireland,0.1
2017,2,Ireland,0.1
2017,3,Ireland,0.4
2017,4,Ireland,0.1
2018,1,Ireland,0.1
2018,2,Ireland,0.4
2018,3,Ireland,0.1
2018,4,Ireland,0.1
2019,1,Ireland,0.1
2019,2,Ireland,0.2
2019,3,Ireland,0.1
2019,4,Ireland,0.1
2020,1,Ireland,0
2020,2,Ireland,0
2004,4,Philippines,0.1
2005,1,Philippines,0.1
2005,3,Philippines,0
2005,4,Philippines,0
2006,3,Philippines,0.1
2006,4,Philippines,0.3
2007,1,Philippines,0.1
2007,2,Philippines,0
2007,3,Philippines,0
2007,4,Philippines,0.3
2008,1,Philippines,0
2008,2,Philippines,0.2
2008,3,Philippines,0
2009,1,Philippines,0
2009,2,Philippines,0.1
2009,3,Philippines,0
2009,4,Philippines,0.1
2010,1,Philippines,0
2010,2,Philippines,0
2010,3,Philippines,0
2011,1,Philippines,0
2011,3,Philippines,0.1
2011,4,Philippines,0.1
2012,1,Philippines,0
2012,2,Philippines,0
2012,3,Philippines,0.1
2012,4,Philippines,0.1
2013,1,Philippines,0
2013,2,Philippines,0.1
2013,3,Philippines,0.4
2013,4,Philippines,0.1
2014,1,Philippines,0.3
2014,2,Philippines,0.5
2014,3,Philippines,0.2
2014,4,Philippines,0.6
2015,1,Philippines,0
2015,2,Philippines,0.6
2015,3,Philippines,0.7
2015,4,Philippines,1.2
2016,1,Philippines,0.5
2016,2,Philippines,0.5
2016,3,Philippines,0.1
2016,4,Philippines,0.2
2017,1,Philippines,0.1
2017,2,Philippines,0
2017,3,Philippines,0.2
2017,4,Philippines,0
2018,1,Philippines,0
2018,2,Philippines,0
2018,3,Philippines,0
2018,4,Philippines,0.1
2019,1,Philippines,0
2019,2,Philippines,0.1
2019,3,Philippines,0.1
2019,4,Philippines,0.1
2020,1,Philippines,0
2020,2,Philippines,0
2004,3,Hungary,0
2005,1,Hungary,0
2005,2,Hungary,0
2005,3,Hungary,0.1
2006,1,Hungary,0.4
2006,2,Hungary,0
2006,3,Hungary,0
2006,4,Hungary,0.1
2007,1,Hungary,0
2007,2,Hungary,0.1
2007,3,Hungary,0.1
2007,4,Hungary,0
2008,1,Hungary,0.1
2008,2,Hungary,0
2008,3,Hungary,0.1
2008,4,Hungary,0.2
2009,2,Hungary,0
2009,3,Hungary,0
2009,4,Hungary,0.1
2010,1,Hungary,0
2010,2,Hungary,0
2010,3,Hungary,0.3
2011,2,Hungary,0.2
2011,4,Hungary,0.1
2012,4,Hungary,0.1
2013,3,Hungary,0
2014,1,Hungary,0
2014,2,Hungary,0
2014,3,Hungary,0
2014,4,Hungary,0.1
2015,1,Hungary,0
2015,2,Hungary,0.1
2015,3,Hungary,0
2015,4,Hungary,0
2016,1,Hungary,0
2016,2,Hungary,0
2016,3,Hungary,0
2016,4,Hungary,0
2017,1,Hungary,0
2017,2,Hungary,0
2017,3,Hungary,0.2
2017,4,Hungary,0.2
2018,1,Hungary,0.1
2018,2,Hungary,0.2
2018,3,Hungary,0.1
2018,4,Hungary,0.3
2019,1,Hungary,0.1
2019,2,Hungary,0.2
2019,3,Hungary,0.1
2019,4,Hungary,0.2
2020,1,Hungary,0.3
2020,2,Hungary,0.2
2004,1,Malaysia,0
2004,2,Malaysia,0
2004,3,Malaysia,0
2004,4,Malaysia,0
2005,1,Malaysia,0
2005,2,Malaysia,0
2005,3,Malaysia,0.1
2005,4,Malaysia,0
2006,1,Malaysia,0.2
2006,2,Malaysia,0.1
2006,3,Malaysia,0.1
2006,4,Malaysia,0
2007,1,Malaysia,0.2
2007,2,Malaysia,0.1
2007,3,Malaysia,0.2
2007,4,Malaysia,0.2
2008,1,Malaysia,0.1
2008,2,Malaysia,0.1
2008,3,Malaysia,0.1
2008,4,Malaysia,0.1
2009,1,Malaysia,0
2009,2,Malaysia,0
2009,3,Malaysia,0.1
2009,4,Malaysia,0
2010,1,Malaysia,0
2010,2,Malaysia,0
2010,3,Malaysia,0
2010,4,Malaysia,0
2011,1,Malaysia,0
2011,2,Malaysia,0
2011,3,Malaysia,0
2011,4,Malaysia,0
2012,1,Malaysia,0
2012,2,Malaysia,0.1
2012,3,Malaysia,0
2012,4,Malaysia,0
2013,1,Malaysia,0
2013,2,Malaysia,0.1
2013,3,Malaysia,0
2013,4,Malaysia,0
2014,1,Malaysia,0
2014,2,Malaysia,0
2014,3,Malaysia,0
2014,4,Malaysia,0
2015,1,Malaysia,0
2015,2,Malaysia,0
2015,3,Malaysia,0
2015,4,Malaysia,0
2016,1,Malaysia,0
2016,2,Malaysia,0
2016,3,Malaysia,0
2016,4,Malaysia,0.1
2017,1,Malaysia,0
2017,2,Malaysia,0
2017,3,Malaysia,0.2
2017,4,Malaysia,0.5
2018,1,Malaysia,0.2
2018,2,Malaysia,0
2018,3,Malaysia,0.1
2018,4,Malaysia,0.2
2019,1,Malaysia,0.1
2019,2,Malaysia,0.1
2019,3,Malaysia,0.1
2019,4,Malaysia,0
2020,1,Malaysia,0
2020,2,Malaysia,0.2
2004,1,Peru,0
2004,4,Peru,0
2006,1,Peru,0
2006,4,Peru,0
2007,1,Peru,0
2007,2,Peru,0
2007,3,Peru,0.1
2007,4,Peru,0
2008,2,Peru,0
2008,4,Peru,0
2009,1,Peru,0.2
2009,2,Peru,0
2010,1,Peru,0.7
2010,2,Peru,0.1
2010,4,Peru,0
2011,1,Peru,0
2011,2,Peru,0.2
2011,4,Peru,0
2012,1,Peru,0
2012,3,Peru,0.2
2012,4,Peru,0.3
2013,1,Peru,0.2
2013,3,Peru,0.3
2013,4,Peru,0
2014,1,Peru,0
2014,2,Peru,0
2014,3,Peru,0.2
2014,4,Peru,0.1
2015,2,Peru,0.1
2015,3,Peru,0.1
2016,1,Peru,0
2016,4,Peru,0.2
2017,3,Peru,0.3
2019,2,Peru,0.1
2004,2,New Zealand,0
2004,4,New Zealand,0.1
2005,1,New Zealand,0.1
2005,3,New Zealand,0
2006,1,New Zealand,0.2
2006,4,New Zealand,0.2
2007,1,New Zealand,0.1
2007,3,New Zealand,0.3
2007,4,New Zealand,0
2008,2,New Zealand,0.3
2008,3,New Zealand,0.1
2009,1,New Zealand,0
2009,3,New Zealand,0
2009,4,New Zealand,0.1
2010,1,New Zealand,0
2010,2,New Zealand,0.1
2010,3,New Zealand,0
2011,1,New Zealand,0.5
2011,2,New Zealand,0.4
2011,4,New Zealand,0
2012,2,New Zealand,0.1
2015,1,New Zealand,0
2016,2,New Zealand,0.1
2017,4,New Zealand,0.1
2019,3,New Zealand,0.2
2019,4,New Zealand,0.2
2006,1,Singapore,0
2006,3,Singapore,0.1
2006,4,Singapore,0.2
2007,1,Singapore,0
2007,2,Singapore,0
2007,3,Singapore,0
2008,1,Singapore,0.9
2009,1,Singapore,0
2009,2,Singapore,0
2009,3,Singapore,0
2009,4,Singapore,0
2010,1,Singapore,0
2010,2,Singapore,0
2010,3,Singapore,0
2010,4,Singapore,0
2011,1,Singapore,0
2011,2,Singapore,0
2011,3,Singapore,0
2011,4,Singapore,0
2012,1,Singapore,0
2012,2,Singapore,0
2012,3,Singapore,0
2012,4,Singapore,0
2013,1,Singapore,0
2013,2,Singapore,0
2013,3,Singapore,0
2013,4,Singapore,0
2014,1,Singapore,0
2014,2,Singapore,0
2014,3,Singapore,0
2014,4,Singapore,0
2015,1,Singapore,0
2015,2,Singapore,0
2015,3,Singapore,0.1
2015,4,Singapore,0
2016,1,Singapore,0
2016,2,Singapore,0.6
2016,3,Singapore,0
2016,4,Singapore,0
2017,1,Singapore,0
2017,2,Singapore,0
2017,3,Singapore,0
2017,4,Singapore,0
2018,1,Singapore,0
2018,2,Singapore,0.1
2018,3,Singapore,0
2018,4,Singapore,0
2019,1,Singapore,0
2019,2,Singapore,0.1
2019,3,Singapore,0
2019,4,Singapore,0
2020,1,Singapore,0
2020,2,Singapore,0
2004,4,Hong Kong,0
2012,3,Hong Kong,0
2004,1,Grand Total,9.4
2004,2,Grand Total,12.6
2004,3,Grand Total,8.2
2004,4,Grand Total,10.3
2005,1,Grand Total,11.4
2005,2,Grand Total,17.9
2005,3,Grand Total,14.1
2005,4,Grand Total,17.1
2006,1,Grand Total,17.9
2006,2,Grand Total,20
2006,3,Grand Total,19.8
2006,4,Grand Total,30.8
2007,1,Grand Total,22.6
2007,2,Grand Total,29.7
2007,3,Grand Total,32
2007,4,Grand Total,36.4
2008,1,Grand Total,33
2008,2,Grand Total,41.2
2008,3,Grand Total,41.9
2008,4,Grand Total,40.3
2009,1,Grand Total,28.5
2009,2,Grand Total,42.7
2009,3,Grand Total,39.1
2009,4,Grand Total,36.9
2010,1,Grand Total,46.3
2010,2,Grand Total,50.4
2010,3,Grand Total,53.6
2010,4,Grand Total,60.9
2011,1,Grand Total,54.4
2011,2,Grand Total,76.9
2011,3,Grand Total,71.8
2011,4,Grand Total,61.4
2012,1,Grand Total,50.6
2012,2,Grand Total,68.8
2012,3,Grand Total,58.3
2012,4,Grand Total,61.8
2013,1,Grand Total,41.6
2013,2,Grand Total,59.9
2013,3,Grand Total,53.2
2013,4,Grand Total,56.1
2014,1,Grand Total,54.2
2014,2,Grand Total,67.5
2014,3,Grand Total,68
2014,4,Grand Total,77.1
2015,1,Grand Total,60.1
2015,2,Grand Total,86.8
2015,3,Grand Total,73.6
2015,4,Grand Total,79.3
2016,1,Grand Total,73.6
2016,2,Grand Total,78.1
2016,3,Grand Total,56.2
2016,4,Grand Total,69.2
2017,1,Grand Total,78
2017,2,Grand Total,80.6
2017,3,Grand Total,81.3
2017,4,Grand Total,76.8
2018,1,Grand Total,64.9
2018,2,Grand Total,70.7
2018,3,Grand Total,66.9
2018,4,Grand Total,79.3
2019,1,Grand Total,55.9
2019,2,Grand Total,69.9
2019,3,Grand Total,77.5
2019,4,Grand Total,87.6
2020,1,Grand Total,62.8
2020,2,Grand Total,69.9
